Survival,Log_size,Species,Patch_type,Landscape
1,5.375278408,Rhizophora mucronata,Northern,10
1,5.472270674,Rhizophora mucronata,Northern,10
1,6.879355804,Rhizophora mucronata,Northern,10
1,5.310739887,Rhizophora mucronata,Northern,10
1,4.985317486,Rhizophora mucronata,Northern,10
1,4.916324615,Rhizophora mucronata,Northern,10
1,5.49614311,Rhizophora mucronata,Northern,10
0,4.007333185,Rhizophora mucronata,Northern,10
0,4.412798293,Rhizophora mucronata,Northern,10
0,3.912023005,Rhizophora mucronata,Northern,10
0,6.674561392,Rhizophora mucronata,Northern,10
0,6.80516869,Rhizophora mucronata,Northern,10
0,4.094344562,Rhizophora mucronata,Northern,10
0,4.094344562,Rhizophora mucronata,Northern,10
0,7.140651122,Rhizophora mucronata,Northern,10
0,6.782192056,Rhizophora mucronata,Northern,10
0,5.752572639,Rhizophora mucronata,Northern,10
0,4.435271149,Rhizophora mucronata,Northern,10
0,2.910991045,Rhizophora mucronata,Northern,10
0,6.183117431,Avicennia marina,Northern,10
0,4.189654742,Avicennia marina,Northern,10
0,5.059425458,Avicennia marina,Southern,10
0,6.697034248,Avicennia marina,Southern,10
0,4.635941845,Avicennia marina,Southern,10
0,5.192956851,Avicennia marina,Southern,10
0,6.182084907,Avicennia marina,Southern,10
0,4.682131227,Rhizophora mucronata,Southern,10
0,5.338739281,Sonneratia alba,Northern,10
0,3.465735903,Rhizophora mucronata,Northern,10
0,5.857933154,Avicennia marina,Northern,10
0,5.480638923,Rhizophora mucronata,Northern,10
0,5.66296048,Rhizophora mucronata,Northern,10
0,5.298317367,Rhizophora mucronata,Northern,10
0,4.818263401,Rhizophora mucronata,Northern,10
0,6.003887067,Rhizophora mucronata,Southern,10
0,3.688879454,Avicennia marina,Southern,10
0,5.049856007,Avicennia marina,Southern,10
0,2.351375257,Avicennia marina,Southern,10
0,4.366278278,Avicennia marina,Southern,10
0,6.715383386,Avicennia marina,Southern,10
0,4.941642423,Avicennia marina,Southern,10
0,6.109247583,Avicennia marina,Western,10
0,4.49980967,Avicennia marina,Eastern,10
0,5.241747015,Avicennia marina,Western,10
0,5.752572639,Sonneratia alba,Western,10
0,3.912023005,Sonneratia alba,Western,10
0,6.492239835,Sonneratia alba,Western,10
0,4.628642542,Sonneratia alba,Southern,10
0,6.672823772,Sonneratia alba,Southern,10
0,4.49980967,Sonneratia alba,Southern,10
0,7.218909708,Sonneratia alba,Southern,10
0,4.818263401,Sonneratia alba,Western,10
0,8.003697339,Sonneratia alba,Western,10
0,5.991464547,Sonneratia alba,Western,10
0,4.49980967,Sonneratia alba,Western,10
0,3.17805383,Rhizophora mucronata,Western,10
0,6.499787041,Sonneratia alba,Southern,10
0,7.426549072,Sonneratia alba,Southern,10
0,6.499787041,Sonneratia alba,Southern,10
0,2.825833237,Sonneratia alba,Southern,10
0,6.761572769,Rhizophora mucronata,Western,10
0,6.719013154,Sonneratia alba,Western,10
0,6.908754779,Avicennia marina,Western,10
0,6.43735157,Avicennia marina,Eastern,10
0,5.598421959,Avicennia marina,Eastern,10
0,5.966146739,Avicennia marina,Western,10
0,2.351375257,Avicennia marina,Eastern,10
0,5.991464547,Rhizophora mucronata,Eastern,10
0,4.762173935,Rhizophora mucronata,Western,10
0,5.834810737,Avicennia marina,Eastern,10
0,3.80666249,Rhizophora mucronata,Eastern,10
0,2.079441542,Avicennia marina,Eastern,10
0,4.959342,Avicennia marina,Eastern,10
0,4.836281907,Avicennia marina,Eastern,10
0,3.208825489,Avicennia marina,Eastern,10
0,5.049856007,Avicennia marina,Central,10
0,8.23270601,Avicennia marina,Central,10
0,6.358708442,Avicennia marina,Central,10
0,7.569411792,Avicennia marina,Central,10
0,4.49980967,Avicennia marina,Western,10
0,5.609471795,Avicennia marina,Western,10
0,5.952593773,Avicennia marina,Central,10
0,2.420368129,Avicennia marina,Western,10
0,6.585481762,Avicennia marina,Central,10
0,5.480638923,Avicennia marina,Central,10
0,6.329720906,Avicennia marina,Central,10
0,2.772588722,Avicennia marina,Central,10
0,3.113515309,Sonneratia alba,Central,10
0,6.451654555,Sonneratia alba,Northern,10
0,2.890371758,Avicennia marina,Northern,10
0,7.081708586,Sonneratia alba,Northern,10
0,5.480638923,Rhizophora mucronata,Northern,10
0,7.418180823,Avicennia marina,Northern,10
0,4.882801923,Rhizophora mucronata,Northern,10
0,5.541263545,Sonneratia alba,Northern,10
0,5.395897695,Rhizophora mucronata,Northern,10
0,6.761572769,Sonneratia alba,Northern,10
0,8.159374737,Avicennia marina,Northern,10
0,3.988984047,Avicennia marina,Central,10
0,3.267665989,Rhizophora mucronata,Central,10
0,4.143134726,Rhizophora mucronata,Central,10
0,6.086774727,Avicennia marina,Central,10
0,5.241747015,Sonneratia alba,Central,10
0,6.628041376,Rhizophora mucronata,Central,10
0,7.612213251,Sonneratia alba,Central,10
0,4.762173935,Rhizophora mucronata,Central,10
0,6.194405391,Sonneratia alba,Central,10
0,2.995732274,Sonneratia alba,Central,10
0,6.510258341,Rhizophora mucronata,Central,10
0,4.317488114,Rhizophora mucronata,Central,10
0,5.790724405,Rhizophora mucronata,Central,10
1,2.910991045,Rhizophora mucronata,Central,10
1,5.375278408,Sonneratia alba,Central,10
1,5.184588601,Avicennia marina,Western,10
1,5.318119994,Rhizophora mucronata,Southern,10
1,5.010635294,Avicennia marina,Eastern,10
0,5.075173815,Sonneratia alba,Central,10
1,4.040855877,Sonneratia alba,Southern,10
1,4.566948973,Sonneratia alba,Eastern,10
1,5.894402834,Sonneratia alba,Southern,10
0,4.317488114,Rhizophora mucronata,Eastern,10
1,5.583496309,Rhizophora mucronata,Southern,10
1,4.836281907,Rhizophora mucronata,Southern,10
1,7.247080585,Sonneratia alba,Eastern,10
1,4.852030264,Rhizophora mucronata,Eastern,10
1,3.688879454,Rhizophora mucronata,Southern,10
1,6.214608098,Rhizophora mucronata,Eastern,10
1,4.49980967,Sonneratia alba,Eastern,10
1,5.953243334,Rhizophora mucronata,Eastern,10
1,5.763622475,Sonneratia alba,Eastern,52
1,6.173786104,Rhizophora mucronata,Southern,52
0,6.950814768,Sonneratia alba,Southern,52
1,7.118826249,Rhizophora mucronata,Western,52
0,1.609437912,Sonneratia alba,Eastern,52
1,6.674561392,Rhizophora mucronata,Eastern,52
1,7.470224136,Sonneratia alba,Western,52
1,5.199187401,Rhizophora mucronata,Eastern,52
1,7.965545573,Rhizophora mucronata,Western,52
1,7.731930722,Rhizophora mucronata,Western,52
1,6.266251332,Sonneratia alba,Western,52
1,6.23234978,Rhizophora mucronata,Eastern,52
1,6.995766156,Sonneratia alba,Eastern,52
0,7.824046011,Rhizophora mucronata,Eastern,52
1,7.567862605,Rhizophora mucronata,Western,52
1,7.92732436,Rhizophora mucronata,Central,52
1,7.726653665,Sonneratia alba,Central,52
1,6.234410726,Rhizophora mucronata,Western,52
1,7.598399329,Rhizophora mucronata,Western,52
0,4.917466819,Sonneratia alba,Central,52
1,7.06871274,Sonneratia alba,Central,52
1,6.068425588,Rhizophora mucronata,Central,52
1,5.480638923,Sonneratia alba,Central,52
1,6.929639072,Sonneratia alba,Central,52
1,6.915723449,Rhizophora mucronata,Central,52
1,9.047520221,Rhizophora mucronata,Central,52
1,7.719684996,Rhizophora mucronata,Central,52
1,7.23417718,Rhizophora mucronata,Central,52
0,4.160834303,Sonneratia alba,Central,52
1,7.718685495,Rhizophora mucronata,Central,52
1,4.584967479,Sonneratia alba,Central,52
1,7.544332108,Rhizophora mucronata,Central,52
1,6.487684018,Sonneratia alba,Central,52
1,4.317488114,Sonneratia alba,Central,52
1,6.527957918,Rhizophora mucronata,Central,52
1,7.114769448,Rhizophora mucronata,Central,52
1,7.303170051,Sonneratia alba,Central,52
1,2.901421594,Sonneratia alba,Central,52
1,8.546363569,Rhizophora mucronata,Central,52
1,6.97634807,Rhizophora mucronata,Central,52
1,7.109879463,Rhizophora mucronata,Central,52
1,5.934894196,Rhizophora mucronata,Eastern,52
0,5.985655206,Rhizophora mucronata,Eastern,52
1,8.707482918,Rhizophora mucronata,Eastern,52
1,6.996223927,Sonneratia alba,Central,52
1,7.203405521,Rhizophora mucronata,Central,52
0,2.128231706,Rhizophora mucronata,Eastern,52
1,5.470588587,Sonneratia alba,Central,52
1,6.751101469,Sonneratia alba,Central,52
1,8.049292949,Rhizophora mucronata,Northern,52
1,6.915723449,Rhizophora mucronata,Central,52
1,8.462322981,Rhizophora mucronata,Northern,52
1,3.17805383,Sonneratia alba,Western,52
1,5.478135793,Rhizophora mucronata,Northern,52
0,4.292170306,Sonneratia alba,Northern,52
1,6.343133231,Sonneratia alba,Northern,52
1,7.37117478,Rhizophora mucronata,Northern,52
1,6.608000625,Rhizophora mucronata,Eastern,52
1,2.054123734,Sonneratia alba,Northern,52
1,5.341376856,Avicennia marina,Northern,52
0,3.90197267,Avicennia marina,Northern,52
1,6.547502514,Rhizophora mucronata,Northern,52
0,3.912023005,Avicennia marina,Eastern,52
1,5.241747015,Avicennia marina,Eastern,52
1,6.797940413,Rhizophora mucronata,Eastern,52
1,6.802394763,Avicennia marina,Eastern,52
1,6.951772164,Avicennia marina,Northern,52
1,5.97126184,Rhizophora mucronata,Eastern,52
1,5.488937726,Sonneratia alba,Eastern,52
0,0.223143551,Sonneratia alba,Northern,52
1,6.728628613,Avicennia marina,Northern,52
1,4.025351691,Sonneratia alba,Eastern,52
1,6.594755399,Rhizophora mucronata,Eastern,52
1,8.044731504,Rhizophora mucronata,Northern,52
1,7.015487979,Avicennia marina,Eastern,52
1,6.585481762,Rhizophora mucronata,Central,52
1,7.633563242,Rhizophora mucronata,Central,52
1,6.29156914,Avicennia marina,Northern,52
1,6.040254711,Avicennia marina,Central,52
1,4.9698133,Avicennia marina,Central,52
1,10.15781965,Rhizophora mucronata,Southern,52
1,4.356708827,Sonneratia alba,Southern,52
1,2.197224577,Avicennia marina,Southern,52
1,8.342839804,Avicennia marina,Southern,52
1,4.366278278,Sonneratia alba,Southern,52
1,7.060905458,Avicennia marina,Southern,52
1,7.677863501,Avicennia marina,Northern,52
1,9.583282288,Rhizophora mucronata,Southern,52
1,6.234410726,Avicennia marina,Northern,52
1,6.822197391,Avicennia marina,Southern,52
1,2.890371758,Rhizophora mucronata,Southern,52
1,4.094344562,Avicennia marina,Southern,52
1,3.988984047,Avicennia marina,Northern,52
1,3.704383641,Avicennia marina,Northern,52
1,6.061456919,Avicennia marina,Western,52
1,6.204557763,Avicennia marina,Western,52
1,3.988984047,Avicennia marina,Western,52
1,7.754138435,Avicennia marina,Northern,52
1,7.473551926,Avicennia marina,Western,52
1,7.103322063,Avicennia marina,Western,52
1,5.837730447,Avicennia marina,Western,52
1,6.386879319,Rhizophora mucronata,Northern,52
1,7.243407179,Rhizophora mucronata,Northern,52
1,5.222903927,Sonneratia alba,Northern,52
1,5.81711116,Sonneratia alba,Northern,52
1,6.431331082,Sonneratia alba,Western,52
1,7.960279998,Rhizophora mucronata,Western,52
0,0.405465108,Sonneratia alba,Western,52
1,5.66296048,Rhizophora mucronata,Central,52
1,4.094344562,Sonneratia alba,Central,52
1,6.705198361,Rhizophora mucronata,Northern,52
1,6.583707933,Rhizophora mucronata,Central,52
1,5.605802066,Rhizophora mucronata,Northern,52
1,7.333023014,Sonneratia alba,Northern,52
1,4.682131227,Sonneratia alba,Northern,52
1,7.859413155,Rhizophora mucronata,Northern,52
1,7.026879637,Rhizophora mucronata,Central,52
1,3.295836866,Sonneratia alba,Central,52
1,5.75827066,Sonneratia alba,Central,52
1,8.496990484,Rhizophora mucronata,Central,52
1,0,Sonneratia alba,Northern,52
1,7.051855623,Rhizophora mucronata,Central,52
0,5.50411128,Sonneratia alba,Northern,52
1,7.584773078,Rhizophora mucronata,Central,52
1,3.951243719,Sonneratia alba,Northern,53N
1,6.158037747,Sonneratia alba,Northern,53N
1,7.731930722,Sonneratia alba,Central,53N
1,6.297799689,Rhizophora mucronata,Northern,53N
0,5.480638923,Sonneratia alba,Western,53N
1,3.855452654,Rhizophora mucronata,Western,53N
1,5.192956851,Sonneratia alba,Western,53N
1,2.910991045,Sonneratia alba,Western,53N
1,6.381181298,Rhizophora mucronata,Central,53N
1,5.647212123,Rhizophora mucronata,Central,53N
0,4.916324615,Sonneratia alba,Central,53N
1,3.518980417,Rhizophora mucronata,Central,53N
0,3.781344682,Rhizophora mucronata,Western,53N
1,6.1828594,Rhizophora mucronata,Southern,53N
1,5.521460918,Rhizophora mucronata,Western,53N
1,6.303076746,Rhizophora mucronata,Northern,53N
0,6.068425588,Sonneratia alba,Northern,53N
0,4.430816799,Rhizophora mucronata,Northern,53N
1,5.192956851,Sonneratia alba,Northern,53N
1,-0.287682072,Sonneratia alba,Northern,53N
1,6.617402978,Sonneratia alba,Western,53N
1,6.068425588,Rhizophora mucronata,Western,53N
1,5.43590303,Rhizophora mucronata,Southern,53N
1,6.908754779,Avicennia marina,Southern,53N
1,6.28320089,Sonneratia alba,Southern,53N
1,8.08147504,Avicennia marina,Southern,53N
1,6.309918278,Rhizophora mucronata,Southern,53N
1,7.383678851,Sonneratia alba,Southern,53N
1,5.598421959,Avicennia marina,Southern,53N
0,4.471638793,Rhizophora mucronata,Southern,53N
1,4.700480366,Sonneratia alba,Central,53N
1,4.276666119,Rhizophora mucronata,Southern,53N
1,5.659046581,Sonneratia alba,Southern,53N
1,6.257667588,Avicennia marina,Central,53N
1,4.842216642,Rhizophora mucronata,Central,53N
0,4.189654742,Avicennia marina,Southern,53N
0,4.276666119,Avicennia marina,Southern,53N
1,5.059425458,Sonneratia alba,Central,53N
1,5.780743516,Rhizophora mucronata,Southern,53N
0,5.875632732,Sonneratia alba,Southern,53N
1,2.48490665,Sonneratia alba,Southern,53N
0,6.98471632,Avicennia marina,Southern,53N
1,6.65929392,Rhizophora mucronata,Central,53N
1,5.716204995,Sonneratia alba,Southern,53N
0,5.059425458,Sonneratia alba,Eastern,53N
0,5.049856007,Sonneratia alba,Western,53N
0,4.356708827,Sonneratia alba,Western,53N
1,6.514712691,Sonneratia alba,Western,53N
1,5.493061443,Rhizophora mucronata,Central,53N
1,6.722930592,Avicennia marina,Western,53N
0,6.153264468,Avicennia marina,Western,53N
1,5.000584958,Sonneratia alba,Western,53N
1,7.36486362,Rhizophora mucronata,Western,53N
1,6.668863371,Avicennia marina,Central,53N
1,3.113515309,Avicennia marina,Western,53N
0,5.65248918,Sonneratia alba,Eastern,53N
1,8.13739583,Avicennia marina,Eastern,53N
1,6.29156914,Rhizophora mucronata,Central,53N
1,7.024760234,Avicennia marina,Central,53N
1,8.311091106,Sonneratia alba,Eastern,53N
1,2.48490665,Avicennia marina,Eastern,53N
1,6.98471632,Avicennia marina,Eastern,53N
1,6.541029999,Sonneratia alba,Central,53N
1,6.376726948,Rhizophora mucronata,Eastern,53N
1,5.545177444,Rhizophora mucronata,Central,53N
1,5.529429088,Rhizophora mucronata,Central,53N
1,4.248495242,Sonneratia alba,Central,53N
0,3.855452654,Sonneratia alba,Eastern,53N
1,6.086774727,Sonneratia alba,Eastern,53N
1,3.96081317,Rhizophora mucronata,Eastern,53N
0,4.74927053,Sonneratia alba,Central,53N
1,5.241747015,Rhizophora mucronata,Central,53N
1,3.80666249,Rhizophora mucronata,Eastern,53N
0,4.248495242,Rhizophora mucronata,Central,53N
1,6.8134446,Sonneratia alba,Central,53N
0,4.394449155,Sonneratia alba,Central,53N
1,3.17805383,Sonneratia alba,Eastern,53N
0,6.741700695,Rhizophora mucronata,Eastern,53N
1,8.656824691,Rhizophora mucronata,Eastern,53N
1,6.099197247,Rhizophora mucronata,Eastern,53N
1,4.317488114,Sonneratia alba,Southern,53N
1,6.061456919,Rhizophora mucronata,Eastern,53N
0,5.997695097,Rhizophora mucronata,Southern,53N
1,6.356107661,Sonneratia alba,Southern,53N
1,4.223177434,Rhizophora mucronata,Eastern,53N
1,6.628041376,Sonneratia alba,Southern,53N
1,7.426549072,Sonneratia alba,Southern,53S
1,6.65929392,Sonneratia alba,Eastern,53S
0,12.05331183,Sonneratia alba,Southern,53S
1,6.587550015,Sonneratia alba,Eastern,53S
1,5.036952602,Sonneratia alba,Eastern,53S
1,6.581851994,Rhizophora mucronata,Eastern,53S
1,7.167037877,Rhizophora mucronata,Eastern,53S
1,2.890371758,Rhizophora mucronata,Eastern,53S
0,6.579251212,Sonneratia alba,Southern,53S
0,6.194405391,Sonneratia alba,Southern,53S
1,5.298317367,Sonneratia alba,Central,53S
1,4.350277936,Sonneratia alba,Central,53S
0,6.828712072,Sonneratia alba,Eastern,53S
0,4.17438727,Sonneratia alba,Central,53S
1,7.475339237,Sonneratia alba,Central,53S
1,3.80666249,Sonneratia alba,Eastern,53S
1,4.412798293,Sonneratia alba,Central,53S
1,6.416732283,Sonneratia alba,Eastern,53S
1,5.247024072,Rhizophora mucronata,Eastern,53S
1,6.59509722,Sonneratia alba,Central,53S
0,7.401231264,Sonneratia alba,Eastern,53S
1,5.81711116,Sonneratia alba,Northern,53S
0,3.33220451,Sonneratia alba,Northern,53S
1,6.956545443,Sonneratia alba,Northern,53S
1,6.394426525,Rhizophora mucronata,Northern,53S
1,6.057954288,Rhizophora mucronata,Northern,53S
1,7.268484493,Sonneratia alba,Northern,53S
1,6.802394763,Sonneratia alba,Central,53S
1,5.97126184,Rhizophora mucronata,Western,53S
1,6.344319705,Sonneratia alba,Western,53S
1,5.375278408,Rhizophora mucronata,Northern,53S
0,6.327936784,Sonneratia alba,Western,53S
1,6.788126792,Sonneratia alba,Western,53S
1,6.461468176,Sonneratia alba,Western,53S
1,5.752572639,Sonneratia alba,Western,53S
1,7.560080465,Sonneratia alba,Northern,53S
1,2.302585093,Sonneratia alba,Northern,53S
1,6.109247583,Sonneratia alba,Eastern,53S
0,4.094344562,Sonneratia alba,Eastern,53S
1,5.204006687,Sonneratia alba,Western,53S
0,5.141663557,Rhizophora mucronata,Central,53S
1,7.021083964,Rhizophora mucronata,Central,53S
1,7.017954071,Sonneratia alba,Southern,53S
1,6.371611847,Sonneratia alba,Central,53S
1,4.718498871,Sonneratia alba,Central,53S
1,6.568779912,Sonneratia alba,Central,53S
1,7.007600614,Rhizophora mucronata,Central,53S
1,6.728628613,Sonneratia alba,Central,53S
1,4.836281907,Rhizophora mucronata,Central,53S
1,6.897704943,Sonneratia alba,Central,53S
1,5.97126184,Sonneratia alba,Central,53S
1,6.423246964,Sonneratia alba,Southern,53S
1,6.194405391,Rhizophora mucronata,Western,53S
0,4.430816799,Rhizophora mucronata,Western,53S
1,6.708084084,Avicennia marina,Southern,53S
1,5.342334252,Rhizophora mucronata,Southern,53S
1,6.933423026,Avicennia marina,Southern,53S
1,6.762151305,Avicennia marina,Northern,53S
1,4.722953222,Sonneratia alba,Northern,53S
1,5.764407096,Sonneratia alba,Northern,53S
0,6.708084084,Sonneratia alba,Western,53S
1,3.988984047,Rhizophora mucronata,Northern,53S
1,6.98471632,Rhizophora mucronata,Northern,53S
1,4.366278278,Sonneratia alba,Northern,53S
1,5.429345629,Sonneratia alba,Western,53S
1,4.430816799,Rhizophora mucronata,Northern,53S
1,3.784189634,Sonneratia alba,Northern,53S
0,5.886104031,Avicennia marina,Northern,53S
1,3.162305473,Sonneratia alba,Western,53S
1,7.551712215,Sonneratia alba,Southern,53S
1,6.70930434,Avicennia marina,Southern,53S
1,3.295836866,Avicennia marina,Northern,53S
1,6.739336627,Rhizophora mucronata,Northern,53S
1,6.340359304,Avicennia marina,Northern,53S
1,6.982862751,Sonneratia alba,Northern,53S
1,6.040254711,Sonneratia alba,Southern,53S
0,4.882801923,Avicennia marina,Northern,53S
1,6.353935164,Rhizophora mucronata,Southern,53S
0,7.154615357,Avicennia marina,Northern,53S
0,5.358941988,Avicennia marina,Northern,53S
0,7.753086922,Sonneratia alba,Northern,53S
0,7.326465614,Rhizophora mucronata,Southern,53S
0,4.474491862,Sonneratia alba,Southern,53S
0,5.529429088,Rhizophora mucronata,Northern,53S
0,3.555348061,Avicennia marina,Southern,53S
0,6.135564891,Avicennia marina,Southern,53S
0,3.604138226,Avicennia marina,Southern,53S
0,5.693732139,Sonneratia alba,Southern,53S
0,5.529429088,Avicennia marina,Southern,53S
0,6.061456919,Sonneratia alba,Southern,53S
0,7.512890582,Rhizophora mucronata,Central,53S
0,6.799891633,Sonneratia alba,Central,53S
0,6.269096284,Rhizophora mucronata,Central,53S
0,1.386294361,Sonneratia alba,Northern,53S
0,5.598421959,Rhizophora mucronata,Northern,54N
0,6.356107661,Sonneratia alba,Northern,54N
0,7.051855623,Sonneratia alba,Northern,54N
0,2.48490665,Sonneratia alba,Northern,54N
0,4.317488114,Sonneratia alba,Northern,54N
0,1.909542505,Sonneratia alba,Northern,54N
0,7.248681866,Rhizophora mucronata,Northern,54N
0,6.011267174,Rhizophora mucronata,Northern,54N
0,7.033506484,Sonneratia alba,Northern,54N
0,6.587550015,Rhizophora mucronata,Northern,54N
0,5.398162702,Rhizophora mucronata,Northern,54N
0,5.298317367,Sonneratia alba,Northern,54N
0,6.777076955,Sonneratia alba,Northern,54N
0,5.11349268,Sonneratia alba,Northern,54N
0,7.138867,Rhizophora mucronata,Northern,54N
0,6.908754779,Sonneratia alba,Northern,54N
0,5.480638923,Sonneratia alba,Northern,54N
0,3.465735903,Sonneratia alba,Northern,54N
1,6.476972363,Sonneratia alba,Northern,54N
1,4.382026635,Sonneratia alba,Northern,54N
1,6.572282543,Rhizophora mucronata,Northern,54N
1,6.358708442,Rhizophora mucronata,Northern,54N
1,6.207331689,Rhizophora mucronata,Northern,54N
0,1.658228077,Sonneratia alba,Northern,54N
1,1.727220948,Sonneratia alba,Central,54N
1,5.071259916,Rhizophora mucronata,Central,54N
1,4.412798293,Sonneratia alba,Southern,54N
1,5.940171253,Rhizophora mucronata,Southern,54N
1,7.113549192,Sonneratia alba,Central,54N
1,6.207331689,Rhizophora mucronata,Eastern,54N
1,4.069026754,Sonneratia alba,Eastern,54N
1,6.599870499,Sonneratia alba,Eastern,54N
1,3.624340933,Rhizophora mucronata,Eastern,54N
1,6.735186014,Sonneratia alba,Eastern,54N
1,5.898526551,Sonneratia alba,Eastern,54N
1,6.12249281,Rhizophora mucronata,Eastern,54N
1,5.080627666,Sonneratia alba,Southern,54N
1,0.916290732,Rhizophora mucronata,Eastern,54N
1,6.386879319,Sonneratia alba,Southern,54N
1,8.076359939,Rhizophora mucronata,Southern,54N
1,6.684611728,Rhizophora mucronata,Southern,54N
1,4.276666119,Sonneratia alba,Eastern,54N
1,7.197809536,Sonneratia alba,Eastern,54N
0,4.861748513,Sonneratia alba,Eastern,54N
1,7.899153483,Sonneratia alba,Southern,54N
1,6.086774727,Rhizophora mucronata,Southern,54N
0,3.496507561,Sonneratia alba,Southern,54N
1,4.787491743,Rhizophora mucronata,Southern,54N
1,2.890371758,Sonneratia alba,Central,54N
1,3.871201011,Sonneratia alba,Eastern,54N
0,4.799914263,Sonneratia alba,Eastern,54N
0,6.445719819,Sonneratia alba,Eastern,54N
0,6.29156914,Rhizophora mucronata,Central,54N
0,6.553933404,Sonneratia alba,Central,54N
0,6.371611847,Sonneratia alba,Central,54N
0,8.874867636,Rhizophora mucronata,Central,54N
0,6.789253235,Sonneratia alba,Central,54N
0,4.890349128,Sonneratia alba,Central,54N
0,6.739336627,Rhizophora mucronata,Central,54N
0,6.684611728,Sonneratia alba,Central,54N
0,6.989335266,Rhizophora mucronata,Central,54N
0,4.65396035,Sonneratia alba,Central,54N
0,5.43590303,Rhizophora mucronata,Southern,54N
0,7.102499356,Rhizophora mucronata,Southern,54N
0,3.465735903,Sonneratia alba,Central,54N
0,6.313548046,Rhizophora mucronata,Southern,54N
0,3.295836866,Rhizophora mucronata,Southern,54N
0,5.533883438,Sonneratia alba,Southern,54N
0,8.259458195,Sonneratia alba,Southern,54N
0,4.366278278,Sonneratia alba,Southern,54N
0,5.966146739,Sonneratia alba,Central,54N
0,7.033506484,Rhizophora mucronata,Central,54N
0,6.643789733,Sonneratia alba,Central,54N
0,6.516193076,Avicennia marina,Central,54N
0,5.087596335,Avicennia marina,Central,54N
0,4.343805422,Rhizophora mucronata,Central,54N
0,6.148468296,Sonneratia alba,Central,54N
1,5.455321115,Sonneratia alba,Central,54N
1,7.278628942,Rhizophora mucronata,Eastern,54N
1,5.049856007,Rhizophora mucronata,Eastern,54N
1,5.529429088,Sonneratia alba,Eastern,54N
0,4.094344562,Rhizophora mucronata,Eastern,54N
1,6.186208624,Avicennia marina,Southern,54N
1,8.23483028,Sonneratia alba,Southern,54N
1,5.847882819,Avicennia marina,Eastern,54N
1,7.965545573,Rhizophora mucronata,Southern,54N
1,7.566957803,Avicennia marina,Eastern,54N
0,2.48490665,Sonneratia alba,Southern,54N
1,3.295836866,Sonneratia alba,Northern,54N
1,6.327936784,Avicennia marina,Eastern,54N
1,7.413065722,Rhizophora mucronata,Eastern,54N
1,6.135564891,Avicennia marina,Northern,54N
0,4.094344562,Rhizophora mucronata,Northern,54N
1,4.49980967,Sonneratia alba,Northern,54N
1,7.104965448,Rhizophora mucronata,Eastern,54N
1,6.797940413,Avicennia marina,Northern,54N
1,5.97126184,Sonneratia alba,Northern,54N
0,6.697034248,Sonneratia alba,Eastern,54N
1,3.449987546,Rhizophora mucronata,Northern,54S
0,6.086774727,Rhizophora mucronata,Northern,54S
0,9.349101814,Avicennia marina,Northern,54S
1,5.192956851,Rhizophora mucronata,Southern,54S
1,5.730099783,Rhizophora mucronata,Eastern,54S
1,4.818263401,Sonneratia alba,Eastern,54S
1,5.075173815,Sonneratia alba,Eastern,54S
1,4.836281907,Avicennia marina,Eastern,54S
1,4.17438727,Rhizophora mucronata,Eastern,54S
1,6.754604099,Sonneratia alba,Eastern,54S
1,6.340359304,Avicennia marina,Eastern,54S
1,8.180320875,Sonneratia alba,Southern,54S
1,6.866933284,Sonneratia alba,Southern,54S
1,2.1690537,Sonneratia alba,Central,54S
1,6.258624984,Sonneratia alba,Southern,54S
1,6.97634807,Rhizophora mucronata,Eastern,54S
1,7.590852124,Avicennia marina,Eastern,54S
1,3.583518938,Sonneratia alba,Eastern,54S
1,6.579251212,Avicennia marina,Central,54S
1,2.351375257,Rhizophora mucronata,Central,54S
0,4.056123349,Avicennia marina,Eastern,54S
0,5.644120931,Sonneratia alba,Central,54S
1,6.040254711,Rhizophora mucronata,Eastern,54S
1,5.570251082,Rhizophora mucronata,Central,54S
1,4.49980967,Sonneratia alba,Eastern,54S
1,6.733401892,Avicennia marina,Central,54S
1,5.723585102,Rhizophora mucronata,Central,54S
1,7.104965448,Rhizophora mucronata,Eastern,54S
1,5.257495372,Avicennia marina,Eastern,54S
1,4.49980967,Avicennia marina,Southern,54S
1,2.420368129,Sonneratia alba,Southern,54S
1,5.123963979,Avicennia marina,Eastern,54S
1,6.040254711,Sonneratia alba,Eastern,54S
1,8.124150603,Sonneratia alba,Eastern,54S
1,5.247024072,Sonneratia alba,Southern,54S
1,2.602689685,Sonneratia alba,Southern,54S
1,4.143134726,Avicennia marina,Southern,54S
1,6.204557763,Rhizophora mucronata,Eastern,54S
1,6.620073207,Rhizophora mucronata,Southern,54S
1,6.358708442,Rhizophora mucronata,Eastern,54S
1,6.445719819,Sonneratia alba,Southern,54S
0,3.113515309,Avicennia marina,Eastern,54S
1,5.123963979,Rhizophora mucronata,Eastern,54S
1,6.572282543,Rhizophora mucronata,Central,54S
1,4.722953222,Rhizophora mucronata,Southern,54S
1,7.534762657,Sonneratia alba,Southern,54S
1,7.620705087,Avicennia marina,Southern,54S
1,4.566948973,Sonneratia alba,Southern,54S
1,5.66296048,Avicennia marina,Southern,54S
1,5.257495372,Sonneratia alba,Southern,54S
1,6.579251212,Sonneratia alba,Southern,54S
1,3.17805383,Sonneratia alba,Southern,54S
1,6.327936784,Rhizophora mucronata,Southern,54S
1,3.784189634,Rhizophora mucronata,Southern,54S
1,5.570251082,Rhizophora mucronata,Southern,54S
1,6.345636361,Rhizophora mucronata,Southern,54S
1,5.123963979,Avicennia marina,Southern,54S
1,5.647212123,Rhizophora mucronata,Southern,54S
1,1.32175584,Rhizophora mucronata,Southern,54S
1,3.719651113,Rhizophora mucronata,Southern,54S
1,7.501772494,Avicennia marina,Southern,54S
1,3.583518938,Avicennia marina,Southern,54S
1,5.780743516,Rhizophora mucronata,Southern,54S
1,6.327936784,Sonneratia alba,Southern,54S
1,7.428333194,Rhizophora mucronata,Southern,54S
1,5.533883438,Sonneratia alba,Central,54S
1,7.774855767,Sonneratia alba,Central,54S
1,3.17805383,Avicennia marina,Southern,54S
0,5.575949103,Sonneratia alba,Central,54S
1,6.238080455,Sonneratia alba,Central,54S
1,7.327123292,Sonneratia alba,Southern,54S
1,4.106767082,Avicennia marina,Southern,54S
1,5.097577224,Avicennia marina,Central,54S
0,6.298949247,Sonneratia alba,Southern,54S
0,1.791759469,Sonneratia alba,Central,54S
0,2.602689685,Sonneratia alba,Southern,54S
0,7.321188557,Sonneratia alba,Central,54S
1,8.037220031,Sonneratia alba,Central,54S
1,5.906723319,Sonneratia alba,Central,54S
1,5.97126184,Sonneratia alba,Western,54S
1,3.701301974,Sonneratia alba,Western,54S
1,6.828712072,Avicennia marina,Western,54S
1,5.472270674,Rhizophora mucronata,Central,57
0,2.014903021,Avicennia marina,Western,57
1,7.908387159,Avicennia marina,Western,57
1,4.250279364,Avicennia marina,Central,57
1,6.792624972,Avicennia marina,Central,57
1,7.43838353,Sonneratia alba,Central,57
1,3.314186005,Avicennia marina,Central,57
1,6.786152457,Avicennia marina,Central,57
1,5.154735638,Avicennia marina,Central,57
1,7.785305183,Avicennia marina,Central,57
0,6.628041376,Sonneratia alba,Central,57
0,6.697034248,Sonneratia alba,Central,57
1,7.051855623,Rhizophora mucronata,Northern,57
1,7.582483874,Sonneratia alba,Northern,57
1,3.624340933,Sonneratia alba,Northern,57
1,6.620073207,Rhizophora mucronata,Northern,57
1,5.416100402,Rhizophora mucronata,Northern,57
0,4.802995929,Sonneratia alba,Northern,57
1,6.879355804,Sonneratia alba,Northern,57
1,6.579251212,Sonneratia alba,Northern,57
1,5.164785974,Sonneratia alba,Central,57
1,6.302618976,Rhizophora mucronata,Central,57
1,7.774855767,Rhizophora mucronata,Central,57
1,7.102499356,Rhizophora mucronata,Central,57
1,5.598421959,Sonneratia alba,Central,57
0,4.787491743,Sonneratia alba,Eastern,57
1,7.005335607,Sonneratia alba,Central,57
1,7.079605536,Sonneratia alba,Central,57
0,5.407732153,Rhizophora mucronata,Eastern,57
1,6.349138991,Sonneratia alba,Eastern,57
1,3.96081317,Rhizophora mucronata,Eastern,57
0,6.425679069,Sonneratia alba,Eastern,57
1,4.644390899,Sonneratia alba,Eastern,57
1,7.738488122,Rhizophora mucronata,Eastern,57
1,7.470224136,Rhizophora mucronata,Eastern,57
1,5.295814236,Sonneratia alba,Central,57
1,5.823045895,Rhizophora mucronata,Eastern,57
1,6.632001777,Rhizophora mucronata,Central,57
1,7.994294986,Sonneratia alba,Eastern,57
1,6.822197391,Rhizophora mucronata,Central,57
1,7.875689244,Rhizophora mucronata,Eastern,57
1,8.48467,Rhizophora mucronata,Eastern,57
1,7.179688994,Rhizophora mucronata,Eastern,57
1,8.045107396,Sonneratia alba,Eastern,57
1,5.521460918,Rhizophora mucronata,Western,57
1,5.906723319,Rhizophora mucronata,Central,57
0,5.204006687,Rhizophora mucronata,Western,57
1,5.730099783,Sonneratia alba,Central,57
1,4.9698133,Sonneratia alba,Western,57
1,4.471638793,Rhizophora mucronata,Western,57
1,5.364807108,Rhizophora mucronata,Western,57
1,5.703782475,Sonneratia alba,Central,57
1,5.33753808,Rhizophora mucronata,Eastern,57
1,7.387090236,Sonneratia alba,Eastern,57
1,6.388897484,Rhizophora mucronata,Western,57
1,5.480638923,Rhizophora mucronata,Eastern,57
1,2.862200881,Sonneratia alba,Western,57
1,7.699842407,Sonneratia alba,Western,57
0,6.29156914,Sonneratia alba,Western,57
1,6.920177799,Sonneratia alba,Western,57
1,6.473890696,Rhizophora mucronata,Eastern,57
1,7.413065722,Rhizophora mucronata,Eastern,57
1,5.204006687,Rhizophora mucronata,Eastern,57
1,4.526126979,Sonneratia alba,Central,57
1,7.958576904,Rhizophora mucronata,Central,57
1,7.246011637,Rhizophora mucronata,Eastern,57
1,4.718498871,Rhizophora mucronata,Central,57
1,6.386879319,Rhizophora mucronata,Eastern,57
1,4.9698133,Sonneratia alba,Eastern,57
1,5.398162702,Sonneratia alba,Central,57
1,6.492239835,Sonneratia alba,Central,57
1,5.886104031,Rhizophora mucronata,Southern,57
1,7.920809679,Sonneratia alba,Central,57
1,5.689514503,Sonneratia alba,Central,57
0,4.905274778,Sonneratia alba,Central,57
1,6.761572769,Rhizophora mucronata,Southern,57
1,5.743003188,Rhizophora mucronata,Southern,57
0,6.061456919,Sonneratia alba,Southern,57
1,5.455321115,Rhizophora mucronata,Southern,57
1,7.367708572,Rhizophora mucronata,Western,57
1,7.470224136,Sonneratia alba,Western,57
0,6.956545443,Sonneratia alba,Western,57
1,7.390181428,Rhizophora mucronata,Southern,57
1,3.871201011,Rhizophora mucronata,Northern,57
1,6.011267174,Sonneratia alba,Southern,57
1,6.483871585,Sonneratia alba,Northern,57
1,7.086946943,Rhizophora mucronata,Northern,57
1,6.715383386,Rhizophora mucronata,Northern,57
1,5.991464547,Rhizophora mucronata,Southern,57
1,5.598421959,Sonneratia alba,Northern,57
1,6.827087376,Rhizophora mucronata,Southern,57
1,7.051855623,Sonneratia alba,Central,57
1,7.640123173,Rhizophora mucronata,Northern,57
1,6.741700695,Sonneratia alba,Northern,57
0,5.946728653,Sonneratia alba,Central,57
0,7.539558829,Rhizophora mucronata,Northern,57
1,0.117783036,Sonneratia alba,Northern,57
0,8.472457298,Rhizophora mucronata,Eastern,57
0,6.12905021,Rhizophora mucronata,Eastern,57
0,5.501258211,Rhizophora mucronata,Eastern,57
0,6.104793232,Sonneratia alba,Eastern,57
0,7.849713758,Sonneratia alba,Eastern,57
0,7.102499356,Sonneratia alba,Western,57
0,7.279318835,Sonneratia alba,Northern,57
0,5.66296048,Rhizophora mucronata,Western,57
0,7.022199413,Sonneratia alba,Western,57
0,3.886705197,Sonneratia alba,Southern,57
0,7.344072851,Rhizophora mucronata,Western,57
0,5.703782475,Rhizophora mucronata,Western,57
0,5.940171253,Rhizophora mucronata,Western,57
0,6.425679069,Sonneratia alba,Western,57
0,5.541263545,Rhizophora mucronata,Western,57
0,8.011686729,Sonneratia alba,Western,8
0,6.253347927,Rhizophora mucronata,Southern,8
0,9.032857092,Sonneratia alba,Southern,8
0,5.66296048,Rhizophora mucronata,Southern,8
0,5.233778845,Sonneratia alba,Southern,8
0,7.314219887,Sonneratia alba,Southern,8
0,5.639243954,Rhizophora mucronata,Southern,8
0,6.206827911,Rhizophora mucronata,Southern,8
0,6.841615476,Sonneratia alba,Southern,8
0,5.464890566,Avicennia marina,Southern,8
0,5.059425458,Avicennia marina,Southern,8
0,7.246011637,Sonneratia alba,Southern,8
0,6.148468296,Sonneratia alba,Southern,8
0,7.633127607,Avicennia marina,Southern,8
0,3.583518938,Sonneratia alba,Western,8
0,7.625595072,Rhizophora mucronata,Western,8
0,4.297285406,Sonneratia alba,Western,8
0,6.754604099,Sonneratia alba,Western,8
0,5.448352446,Sonneratia alba,Western,8
0,6.158037747,Sonneratia alba,Western,8
0,5.66296048,Rhizophora mucronata,Western,8
0,8.898877771,Sonneratia alba,Western,8
0,5.204006687,Rhizophora mucronata,Western,8
0,6.97634807,Avicennia marina,Western,8
0,4.102643365,Avicennia marina,Western,8
0,6.476972363,Rhizophora mucronata,Western,8
0,5.347107531,Avicennia marina,Western,8
0,6.263160139,Avicennia marina,Western,8
0,6.269096284,Sonneratia alba,Western,8
0,3.401197382,Sonneratia alba,Western,8
0,5.395897695,Sonneratia alba,Western,8
0,5.768320996,Avicennia marina,Western,8
0,6.840546529,Rhizophora mucronata,Western,8
0,4.548599834,Sonneratia alba,Western,8
0,5.636573725,Sonneratia alba,Western,8
0,5.418874329,Rhizophora mucronata,Western,8
0,5.834810737,Avicennia marina,Western,8
0,6.514712691,Sonneratia alba,Western,8
0,6.340359304,Rhizophora mucronata,Western,8
0,5.030437921,Rhizophora mucronata,Western,8
0,2.48490665,Avicennia marina,Western,8
0,6.040254711,Sonneratia alba,Western,8
0,7.426549072,Avicennia marina,Western,8
0,6.547502514,Sonneratia alba,Western,8
0,5.934894196,Sonneratia alba,Western,8
0,5.321789723,Sonneratia alba,Western,8
0,7.213179033,Avicennia marina,Western,8
0,5.213576138,Avicennia marina,Western,8
0,5.030437921,Sonneratia alba,Western,8
0,6.915723449,Avicennia marina,Western,8
0,4.675162558,Avicennia marina,Western,8
0,8.787525626,Rhizophora mucronata,Western,8
0,7.434847875,Avicennia marina,Western,8
0,5.182485551,Avicennia marina,Western,8
0,5.723585102,Rhizophora mucronata,Western,8
0,7.726653665,Avicennia marina,Western,8
0,6.28320089,Sonneratia alba,Western,8
0,5.000584958,Rhizophora mucronata,Western,8
0,6.553933404,Sonneratia alba,Western,8
0,5.703782475,Rhizophora mucronata,Western,8
0,3.871201011,Rhizophora mucronata,Western,8
0,5.847882819,Sonneratia alba,Western,8
0,6.643789733,Sonneratia alba,Southern,8
0,7.416077773,Sonneratia alba,Southern,8
0,6.980308472,Sonneratia alba,Southern,8
0,5.619041246,Rhizophora mucronata,Southern,8
0,5.375278408,Rhizophora mucronata,Southern,8
0,6.376726948,Sonneratia alba,Southern,8
0,7.219367478,Sonneratia alba,Western,8
0,7.29301768,Sonneratia alba,Western,8
0,3.80666249,Rhizophora mucronata,Western,8
0,6.269096284,Rhizophora mucronata,Western,8
0,5.66296048,Rhizophora mucronata,Western,8
0,6.091309882,Sonneratia alba,Western,8
0,6.234410726,Sonneratia alba,Western,8
0,3.988984047,Rhizophora mucronata,Western,8
0,8.032684876,Avicennia marina,Western,8
0,4.189654742,Rhizophora mucronata,Western,8
0,5.65248918,Avicennia marina,Western,8
0,6.851184927,Avicennia marina,Western,8
0,4.787491743,Avicennia marina,Western,8
0,7.049254841,Sonneratia alba,Western,8
0,3.218875825,Avicennia marina,Western,8
0,7.167037877,Sonneratia alba,Western,8
0,7.207859871,Avicennia marina,Western,8
0,8.779557456,Sonneratia alba,Western,8
0,5.12841833,Rhizophora mucronata,Western,8
0,5.743003188,Sonneratia alba,Western,8
0,4.742755849,Rhizophora mucronata,Western,8
0,4.836281907,Avicennia marina,Western,8
0,6.608000625,Sonneratia alba,Western,8
0,4.189654742,Rhizophora mucronata,Western,8
0,5.780743516,Avicennia marina,Western,8
0,4.029806041,Rhizophora mucronata,Southern,8
0,5.634789603,Sonneratia alba,Southern,8
0,5.123963979,Rhizophora mucronata,Southern,8
0,5.049856007,Avicennia marina,Southern,8
0,5.988961417,Sonneratia alba,Southern,8
0,5.429345629,Rhizophora mucronata,Southern,8
0,5.940171253,Rhizophora mucronata,Southern,8
0,5.906723319,Sonneratia alba,Southern,8
0,4.056123349,Rhizophora mucronata,Southern,8
0,4.605170186,Avicennia marina,Southern,8
0,6.197716231,Avicennia marina,Western,8
0,7.742402022,Rhizophora mucronata,Western,8
0,4.890349128,Sonneratia alba,Western,8
0,4.094344562,Rhizophora mucronata,Western,8
0,6.674561392,Sonneratia alba,Western,8
0,5.598421959,Rhizophora mucronata,Western,8
0,4.508108473,Sonneratia alba,Western,8
0,4.818263401,Rhizophora mucronata,Western,8
0,6.186208624,Sonneratia alba,Western,8
0,6.536691598,Sonneratia alba,Western,8
0,5.204006687,Rhizophora mucronata,Western,8
0,6.135564891,Rhizophora mucronata,Western,8
0,7.048277802,Avicennia marina,Western,8
0,7.045014091,Sonneratia alba,Western,8
0,4.250279364,Rhizophora mucronata,Western,8
0,4.430816799,Rhizophora mucronata,Western,8
0,5.278114659,Rhizophora mucronata,Western,8
0,5.000584958,Avicennia marina,Western,8
0,5.655991811,Rhizophora mucronata,Western,8
0,4.094344562,Sonneratia alba,Western,8
0,6.003887067,Avicennia marina,Western,8
